<?xml version="1.0" encoding="utf-8"?>
<!DOCTYPE publication PUBLIC "-//IEEE//IDAMS Exchange V2.0.0//EN" "ieee_idams_exchange.dtd">
<publication>
  <title><![CDATA[IEEE P802.22/D3.0, March 2011]]></title>
  <normtitle><![CDATA[IEEE P802.22/D3.0, March 2011]]></normtitle>
  <standardsfamilytitle>IEEE Standard for Information technology-- Local and metropolitan area networks-- Specific requirements-- Part 22: Cognitive Wireless RAN Medium Access Control (MAC) and Physical Layer (PHY) specifications: Policies and procedures for operation in the TV Bands</standardsfamilytitle>
  <publicationinfo>
    <idamsid>0b000064814fd4e4</idamsid>
    <stdnumber>P802.22/D3.0, Mar 2011</stdnumber>
    <publicationtype>Standard</publicationtype>
    <publicationsubtype>Standard Docs</publicationsubtype>
    <standard_subtype>IEEE Standard</standard_subtype>
    <ieeeabbrev>IEEESTD</ieeeabbrev>
    <pubstatus>Active</pubstatus>
    <publicationopenaccess>F</publicationopenaccess>
    <standard_id>4742</standard_id>
    <standard_status>Inactive</standard_status>
    <standardmodifierset>
      <standard_modifier>Draft</standard_modifier>
    </standardmodifierset>
    <standard_relationship prodnum="" relationship_date="12/31/1969 7:00:00 PM" type="S">9086949</standard_relationship>
    <packagememberset>
      <packagemember>STDSELECT</packagemember>
    </packagememberset>
    <isbn isbntype="New-2005" mediatype="Electronic">978-1-5044-7471-9</isbn>
    <standard_family>802.22</standard_family>
    <standardpackageset>
      <standard_package>Local and Metropolitan Area Networks (LAN/MAN)</standard_package>
    </standardpackageset>
    <icscodes>
      <code_term codenum="01.040.11">Health care technology (Vocabularies)</code_term>
    </icscodes>
    <pubsponsoringcommitteeset>
      <pubsponsoringcommittee><![CDATA[LAN/MAN Standards Committee of the IEEE Computer Society]]></pubsponsoringcommittee>
    </pubsponsoringcommitteeset>
    <pubtopicalbrowseset>
      <pubtopicalbrowse>Communication, Networking and Broadcast Technologies</pubtopicalbrowse>
    </pubtopicalbrowseset>
    <copyrightgroup>
      <copyright>
        <year>2011</year>
        <holder>IEEE</holder>
      </copyright>
    </copyrightgroup>
    <publisher>
      <publishername>IEEE</publishername>
      <address>
        <city>New York</city>
        <country>USA</country>
      </address>
    </publisher>
    <productnumber pubtype="Online">STDUD6142</productnumber>
    <PubApprovalDate>16 June 2011</PubApprovalDate>
    <holdstatus>Hold</holdstatus>
    <confgroup>
      <doi_permission>F</doi_permission>
    </confgroup>
    <amsid>5741052</amsid>
  </publicationinfo>
  <volume>
    <volumeinfo>
      <year>2011</year>
      <idamsid>0b000064820dc1ac</idamsid>
      <issue>
        <amsid>5741053</amsid>
        <issuestatus>Complete</issuestatus>
      </issue>
    </volumeinfo>
    <article>
      <title><![CDATA[IEEE Draft Standard for Information technology-- Local and metropolitan area networks-- Specific requirements-- Part 22: Cognitive Wireless RAN Medium Access Control (MAC) and Physical Layer (PHY) specifications: Policies and procedures for operation in the TV Bands]]></title>
      <articleinfo>
        <articleseqnum>1</articleseqnum>
        <articledoi>10.1109/IEEESTD.2011.5741054</articledoi>
        <idamsid>0b000064814fd4e6</idamsid>
        <articlestatus>Active</articlestatus>
        <articleopenaccess>F</articleopenaccess>
        <articleshowflag>T</articleshowflag>
        <articleplagiarizedflag>F</articleplagiarizedflag>
        <articlenodoiflag>F</articlenodoiflag>
        <articlecoverimageflag>F</articlecoverimageflag>
        <articlereferenceflag>F</articlereferenceflag>
        <articlepeerreviewflag>F</articlepeerreviewflag>
        <holdstatus>Publish</holdstatus>
        <articlecopyright holderisieee="Yes" year="0"/>
        <abstract abstracttype="Standard"><![CDATA[This standard specifies the air interface, including the cognitive medium access control layer (MAC) and physical layer (PHY), of point-to-multipoint wireless regional area networks comprised of a professional fixed base station with fixed and portable user terminals operating in the VHF/UHF TV broadcast bands between 54 MHz to 862 MHz.]]></abstract>
        <articlestdscope><![CDATA[This standard specifies the air interface, including the cognitive medium access control layer (MAC) and physical layer (PHY), of point-to-multipoint wireless regional area networks comprised of a professional fixed base station with fixed and portable user terminals operating in the VHF/UHF TV broadcast bands between 54 MHz to 862 MHz.]]></articlestdscope>
        <articlestdpurpose><![CDATA[This standard is intended to enable deployment of interoperable IEEE 802(R) multivendor wireless regional area network products, to facilitate competition in broadband access by providing alternatives to wireline broadband access and extending the deployability of such systems into diverse geographic areas, including sparsely populated rural areas, while preventing harmful interference to incumbent licensed services in the TV broadcast bands.]]></articlestdpurpose>
        <date datetype="OriginalPub">
          <year>2011</year>
          <month>March</month>
          <day>2</day>
        </date>
        <date datetype="ePub">
          <year>2019</year>
          <month>9</month>
          <day>23</day>
        </date>
        <article_publication_date>3/2/2011 12:00:00 AM</article_publication_date>
        <size>6768557</size>
        <filename docpartition="5" filetype="MainPDF">05741054.pdf</filename>
        <artpagenums endpage="664" startpage="1">1-664</artpagenums>
        <amsid>5741054</amsid>
        <keywordset keywordtype="IEEE">
          <keyword>
            <keywordterm><![CDATA[IEEE standards]]></keywordterm>
          </keyword>
          <keyword>
            <keywordterm><![CDATA[Inforomation processing]]></keywordterm>
          </keyword>
          <keyword>
            <keywordterm><![CDATA[Information technology]]></keywordterm>
          </keyword>
          <keyword>
            <keywordterm><![CDATA[Wireless LAN]]></keywordterm>
          </keyword>
          <keyword>
            <keywordterm><![CDATA[Media Access Protocol]]></keywordterm>
          </keyword>
        </keywordset>
        <keywordset keywordtype="IEEEFree">
          <keyword>
            <keywordterm><![CDATA[broadband wireless access network]]></keywordterm>
          </keyword>
          <keyword>
            <keywordterm><![CDATA[cognitive radio]]></keywordterm>
          </keyword>
          <keyword>
            <keywordterm><![CDATA[fixed user terminals]]></keywordterm>
          </keyword>
          <keyword>
            <keywordterm><![CDATA[IEEE 802.22]]></keywordterm>
          </keyword>
          <keyword>
            <keywordterm><![CDATA[portable user terminals]]></keywordterm>
          </keyword>
          <keyword>
            <keywordterm><![CDATA[radio spectrum sensing]]></keywordterm>
          </keyword>
          <keyword>
            <keywordterm><![CDATA[regional area network]]></keywordterm>
          </keyword>
          <keyword>
            <keywordterm><![CDATA[WRAN standards]]></keywordterm>
          </keyword>
        </keywordset>
      </articleinfo>
    </article>
  </volume>
</publication>
