<?xml version="1.0" encoding="utf-8"?>
<!DOCTYPE publication PUBLIC "-//IEEE//IDAMS Exchange V2.0.0//EN" "ieee_idams_exchange.dtd">
<publication>
  <title><![CDATA[IEEE Std 1226.2-1993]]></title>
  <normtitle><![CDATA[IEEE Std 1226.2-1993]]></normtitle>
  <standardsfamilytitle>IEEE ABBET Trial-Use Standard for Ada-Based ATLAS-Level Test Procedure Interface for a Broad-Based</standardsfamilytitle>
  <publicationinfo>
    <idamsid>0b000064801a4eb0</idamsid>
    <stdnumber>1226.2-1993</stdnumber>
    <publicationtype>Standard</publicationtype>
    <publicationsubtype>Standard Docs</publicationsubtype>
    <standard_subtype>IEEE Standard</standard_subtype>
    <ieeeabbrev>IEEESTD</ieeeabbrev>
    <pubstatus>Active</pubstatus>
    <publicationopenaccess>F</publicationopenaccess>
    <standard_status>Inactive</standard_status>
    <standardmodifierset>
      <standard_modifier>Withdrawn</standard_modifier>
    </standardmodifierset>
    <packagememberset>
      <packagemember>IEL</packagemember>
      <packagemember>STDSELECT</packagemember>
    </packagememberset>
    <isbn isbntype="Historical" mediatype="Electronic">0-7381-4588-2</isbn>
    <standard_family>1226.2</standard_family>
    <standardpackageset>
      <standard_package><![CDATA[Testing, Instrumentation and Measurement, and Metric Practice]]></standard_package>
    </standardpackageset>
    <icscodes>
      <code_term codenum="35.060">Languages used in information technology</code_term>
    </icscodes>
    <pubsponsoringcommitteeset>
      <pubsponsoringcommittee><![CDATA[Standards Coordinating Committee 20, ATLAS]]></pubsponsoringcommittee>
    </pubsponsoringcommitteeset>
    <pubtopicalbrowseset>
      <pubtopicalbrowse>Power, Energy and Industry Applications</pubtopicalbrowse>
      <pubtopicalbrowse>Components, Circuits, Devices and Systems</pubtopicalbrowse>
    </pubtopicalbrowseset>
    <copyrightgroup>
      <copyright>
        <year>1994</year>
        <holder>IEEE</holder>
      </copyright>
    </copyrightgroup>
    <publisher>
      <publishername>IEEE</publishername>
      <address>
        <city>New York</city>
      </address>
    </publisher>
    <productnumber pubtype="Online">STDWD16949</productnumber>
    <PubApprovalDate>2 December 1993</PubApprovalDate>
    <holdstatus>Publish</holdstatus>
    <confgroup>
      <doi_permission>F</doi_permission>
    </confgroup>
    <amsid>3185</amsid>
  </publicationinfo>
  <volume>
    <volumeinfo>
      <year>1994</year>
      <idamsid>0b000064820d9d91</idamsid>
      <issue>
        <amsid>9022</amsid>
        <issuestatus>Complete</issuestatus>
      </issue>
    </volumeinfo>
    <article>
      <title><![CDATA[IEEE ABBET Trial-Use Standard for Ada-Based ATLAS-Level Test Procedure Interface for a Broad-Based]]></title>
      <articleinfo>
        <articleseqnum>1</articleseqnum>
        <articledoi>10.1109/IEEESTD.1994.121643</articledoi>
        <idamsid>0b000064801a4eb4</idamsid>
        <articlestatus>Active</articlestatus>
        <articleopenaccess>F</articleopenaccess>
        <articleshowflag>F</articleshowflag>
        <articleplagiarizedflag>F</articleplagiarizedflag>
        <articlenodoiflag>F</articlenodoiflag>
        <articlecoverimageflag>F</articlecoverimageflag>
        <articlereferenceflag>F</articlereferenceflag>
        <articlepeerreviewflag>F</articlepeerreviewflag>
        <holdstatus>Publish</holdstatus>
        <articlecopyright holderisieee="Yes" year="0"/>
        <date datetype="OriginalPub">
          <year>1994</year>
        </date>
        <date datetype="ePub">
          <year>2002</year>
          <month>8</month>
          <day>6</day>
        </date>
        <size>22702789</size>
        <filename docpartition="1" filetype="MainPDF">00400308.pdf</filename>
        <artpagenums endpage="" startpage="i">i</artpagenums>
        <amsid>400308</amsid>
        <keywordset keywordtype="IEEE">
          <keyword>
            <keywordterm><![CDATA[Standards]]></keywordterm>
          </keyword>
          <keyword>
            <keywordterm><![CDATA[IEEE Standards]]></keywordterm>
          </keyword>
          <keyword>
            <keywordterm><![CDATA[Aerospace electronics]]></keywordterm>
          </keyword>
          <keyword>
            <keywordterm><![CDATA[Consumer electronics]]></keywordterm>
          </keyword>
          <keyword>
            <keywordterm><![CDATA[US Department of Defense]]></keywordterm>
          </keyword>
          <keyword>
            <keywordterm><![CDATA[Software]]></keywordterm>
          </keyword>
          <keyword>
            <keywordterm><![CDATA[Programming]]></keywordterm>
          </keyword>
        </keywordset>
      </articleinfo>
    </article>
  </volume>
</publication>
